{
  "standard": {
    "mean": [
      1590.5231185350247,
      1408.9337815859817,
      553.3677112379098,
      9065.242942630704,
      47.54116813578681,
      521.4134698220366,
      393.2106538703892,
      38.81627065749078,
      23.289705354147774
    ],
    "scale": [
      6.1310009097254206,
      9.000386474514706,
      0.8850706671133117,
      22.082344789130662,
      0.26708091046091403,
      0.7375358136233747,
      1.5487254893083877,
      0.18074206385282976,
      0.10824825582015458
    ],
    "features": [
      "sensor_3",
      "sensor_4",
      "sensor_7",
      "sensor_9",
      "sensor_11",
      "sensor_12",
      "sensor_17",
      "sensor_20",
      "sensor_21"
    ]
  },
  "robust": {
    "center": [
      1590.0999755859375,
      1408.0400390625,
      553.4400024414062,
      9060.66015625,
      47.5099983215332,
      521.47998046875,
      393.0,
      38.83000183105469,
      23.29789924621582
    ],
    "scale": [
      8.1199951171875,
      12.195068359375,
      1.20001220703125,
      16.3203125,
      0.3500022888183594,
      0.989990234375,
      2.0,
      0.25,
      0.14500045776367188
    ],
    "features": [
      "sensor_3",
      "sensor_4",
      "sensor_7",
      "sensor_9",
      "sensor_11",
      "sensor_12",
      "sensor_17",
      "sensor_20",
      "sensor_21"
    ]
  },
  "recommended_scaler": "robust"
}